insert into sessions(id, instructor_id, client_id, session_date, session_type, session_start_time, memo)
values
  ('66666666-6666-6666-6666-666666666601', '11111111-1111-1111-1111-111111111111', '33333333-3333-3333-3333-333333333341', date '2026-02-24', 'PERSONAL', time '09:00', '코어 안정화/호흡'),
  ('66666666-6666-6666-6666-666666666602', '11111111-1111-1111-1111-111111111111', '33333333-3333-3333-3333-333333333342', date '2026-02-24', 'PERSONAL', time '10:00', '견갑 안정화'),
  ('66666666-6666-6666-6666-666666666603', '11111111-1111-1111-1111-111111111111', '33333333-3333-3333-3333-333333333343', date '2026-02-24', 'PERSONAL', time '11:00', '발목 가동성'),
  ('66666666-6666-6666-6666-666666666604', '11111111-1111-1111-1111-111111111111', '33333333-3333-3333-3333-333333333344', date '2026-02-25', 'PERSONAL', time '09:30', '골반 정렬'),
  ('66666666-6666-6666-6666-666666666605', '11111111-1111-1111-1111-111111111111', '33333333-3333-3333-3333-333333333345', date '2026-02-25', 'PERSONAL', time '10:30', '고관절 안정'),
  ('66666666-6666-6666-6666-666666666606', '11111111-1111-1111-1111-111111111111', '33333333-3333-3333-3333-333333333346', date '2026-02-26', 'PERSONAL', time '09:00', '상체 가동성'),
  ('66666666-6666-6666-6666-666666666607', '11111111-1111-1111-1111-111111111111', '33333333-3333-3333-3333-333333333347', date '2026-02-26', 'PERSONAL', time '10:00', '무릎 정렬'),
  ('66666666-6666-6666-6666-666666666608', '11111111-1111-1111-1111-111111111111', '33333333-3333-3333-3333-333333333348', date '2026-02-27', 'PERSONAL', time '09:30', '흉추 회전'),
  ('66666666-6666-6666-6666-666666666609', '11111111-1111-1111-1111-111111111111', '33333333-3333-3333-3333-333333333349', date '2026-02-27', 'PERSONAL', time '10:30', '호흡 패턴'),
  ('66666666-6666-6666-6666-666666666610', '11111111-1111-1111-1111-111111111111', '33333333-3333-3333-3333-333333333350', date '2026-02-28', 'PERSONAL', time '11:00', '요추 안정'),
  ('66666666-6666-6666-6666-666666666611', '11111111-1111-1111-1111-111111111111', '33333333-3333-3333-3333-333333333351', date '2026-02-24', 'GROUP', time '18:00', '그룹 A 밸런스'),
  ('66666666-6666-6666-6666-666666666612', '11111111-1111-1111-1111-111111111111', '33333333-3333-3333-3333-333333333352', date '2026-02-24', 'GROUP', time '19:00', '그룹 A 밸런스'),
  ('66666666-6666-6666-6666-666666666613', '11111111-1111-1111-1111-111111111111', '33333333-3333-3333-3333-333333333353', date '2026-02-25', 'GROUP', time '18:00', '그룹 B 코어'),
  ('66666666-6666-6666-6666-666666666614', '11111111-1111-1111-1111-111111111111', '33333333-3333-3333-3333-333333333354', date '2026-02-25', 'GROUP', time '19:00', '그룹 B 코어'),
  ('66666666-6666-6666-6666-666666666615', '11111111-1111-1111-1111-111111111111', '33333333-3333-3333-3333-333333333355', date '2026-02-26', 'GROUP', time '18:00', '그룹 C 유연성'),
  ('66666666-6666-6666-6666-666666666616', '11111111-1111-1111-1111-111111111111', '33333333-3333-3333-3333-333333333356', date '2026-02-26', 'GROUP', time '19:00', '그룹 C 유연성'),
  ('66666666-6666-6666-6666-666666666617', '11111111-1111-1111-1111-111111111111', '33333333-3333-3333-3333-333333333357', date '2026-02-27', 'GROUP', time '18:00', '그룹 D 하체'),
  ('66666666-6666-6666-6666-666666666618', '11111111-1111-1111-1111-111111111111', '33333333-3333-3333-3333-333333333358', date '2026-02-27', 'GROUP', time '19:00', '그룹 D 하체'),
  ('66666666-6666-6666-6666-666666666619', '11111111-1111-1111-1111-111111111111', '33333333-3333-3333-3333-333333333359', date '2026-02-28', 'GROUP', time '18:00', '그룹 E 전신'),
  ('66666666-6666-6666-6666-666666666620', '11111111-1111-1111-1111-111111111111', '33333333-3333-3333-3333-333333333360', date '2026-02-28', 'GROUP', time '19:00', '그룹 E 전신')
on conflict (id) do nothing;

insert into reports(id, instructor_id, client_id, session_id, summary_items, strength_note, improve_note, next_goal)
values
  ('77777777-7777-7777-7777-777777777701', '11111111-1111-1111-1111-111111111111', '33333333-3333-3333-3333-333333333341', '66666666-6666-6666-6666-666666666601', '호흡/정렬 연습', '집중도 좋음', '골반 중립 유지', '브릿지 난이도 상향'),
  ('77777777-7777-7777-7777-777777777702', '11111111-1111-1111-1111-111111111111', '33333333-3333-3333-3333-333333333342', '66666666-6666-6666-6666-666666666602', '견갑 안정화 동작', '리듬 유지 좋음', '승모 보상 감소', '밴드 저항 추가'),
  ('77777777-7777-7777-7777-777777777703', '11111111-1111-1111-1111-111111111111', '33333333-3333-3333-3333-333333333343', '66666666-6666-6666-6666-666666666603', '발목/종아리 가동', '균형 향상', '발 아치 유지', '싱글레그 비중 확대'),
  ('77777777-7777-7777-7777-777777777704', '11111111-1111-1111-1111-111111111111', '33333333-3333-3333-3333-333333333344', '66666666-6666-6666-6666-666666666604', '골반 정렬 훈련', '복압 유지', '허리 과신전 감소', '사이드 플랭크 추가'),
  ('77777777-7777-7777-7777-777777777705', '11111111-1111-1111-1111-111111111111', '33333333-3333-3333-3333-333333333345', '66666666-6666-6666-6666-666666666605', '고관절 안정/가동', '동작 수행 정확', '내회전 제어', '런지 패턴 개선'),
  ('77777777-7777-7777-7777-777777777706', '11111111-1111-1111-1111-111111111111', '33333333-3333-3333-3333-333333333346', '66666666-6666-6666-6666-666666666606', '상체 가동/흉추 확장', '호흡 연결 우수', '견갑 하강 유지', '프레스 동작 확장'),
  ('77777777-7777-7777-7777-777777777707', '11111111-1111-1111-1111-111111111111', '33333333-3333-3333-3333-333333333347', '66666666-6666-6666-6666-666666666607', '무릎 정렬 재교육', '균형 집중 좋음', '슬개 추적 보완', '스쿼트 깊이 조절'),
  ('77777777-7777-7777-7777-777777777708', '11111111-1111-1111-1111-111111111111', '33333333-3333-3333-3333-333333333348', '66666666-6666-6666-6666-666666666608', '흉추 회전/신전', '유연성 반응 좋음', '코어 고정 강화', '회전 저항 추가'),
  ('77777777-7777-7777-7777-777777777709', '11111111-1111-1111-1111-111111111111', '33333333-3333-3333-3333-333333333349', '66666666-6666-6666-6666-666666666609', '호흡 패턴 교정', '리듬 유지 우수', '갈비뼈 플레어 감소', '호흡 숙제 지속'),
  ('77777777-7777-7777-7777-777777777710', '11111111-1111-1111-1111-111111111111', '33333333-3333-3333-3333-333333333350', '66666666-6666-6666-6666-666666666610', '요추 안정/둔근 활성', '움직임 인지 좋음', '좌우 비대칭 보완', '싱글레그 브릿지'),
  ('77777777-7777-7777-7777-777777777711', '11111111-1111-1111-1111-111111111111', '33333333-3333-3333-3333-333333333351', '66666666-6666-6666-6666-666666666611', '그룹 A 진행', '참여도 높음', '템포 일정화', '호흡 큐 통일'),
  ('77777777-7777-7777-7777-777777777712', '11111111-1111-1111-1111-111111111111', '33333333-3333-3333-3333-333333333352', '66666666-6666-6666-6666-666666666612', '그룹 A 진행', '동작 숙련 향상', '중립 유지 보완', '다음 주 난이도 상향'),
  ('77777777-7777-7777-7777-777777777713', '11111111-1111-1111-1111-111111111111', '33333333-3333-3333-3333-333333333353', '66666666-6666-6666-6666-666666666613', '그룹 B 코어', '집중도 우수', '골반 틸트 보완', '체어 코어 추가'),
  ('77777777-7777-7777-7777-777777777714', '11111111-1111-1111-1111-111111111111', '33333333-3333-3333-3333-333333333354', '66666666-6666-6666-6666-666666666614', '그룹 B 코어', '호흡 연결 개선', '어깨 긴장 감소', '상체 분절 강화'),
  ('77777777-7777-7777-7777-777777777715', '11111111-1111-1111-1111-111111111111', '33333333-3333-3333-3333-333333333355', '66666666-6666-6666-6666-666666666615', '그룹 C 유연성', '가동범위 증가', '말초 정렬 보완', '스트레칭 루틴 강화'),
  ('77777777-7777-7777-7777-777777777716', '11111111-1111-1111-1111-111111111111', '33333333-3333-3333-3333-333333333356', '66666666-6666-6666-6666-666666666616', '그룹 C 유연성', '동작 이해도 높음', '코어 유지 보완', '템포 제어 훈련'),
  ('77777777-7777-7777-7777-777777777717', '11111111-1111-1111-1111-111111111111', '33333333-3333-3333-3333-333333333357', '66666666-6666-6666-6666-666666666617', '그룹 D 하체', '하체 협응 우수', '무릎 정렬 보완', '런지 변형 추가'),
  ('77777777-7777-7777-7777-777777777718', '11111111-1111-1111-1111-111111111111', '33333333-3333-3333-3333-333333333358', '66666666-6666-6666-6666-666666666618', '그룹 D 하체', '균형 좋아짐', '발 아치 유지', '밸런스 도구 도입'),
  ('77777777-7777-7777-7777-777777777719', '11111111-1111-1111-1111-111111111111', '33333333-3333-3333-3333-333333333359', '66666666-6666-6666-6666-666666666619', '그룹 E 전신', '지구력 향상', '호흡 타이밍 보완', '서킷 구성 반복'),
  ('77777777-7777-7777-7777-777777777720', '11111111-1111-1111-1111-111111111111', '33333333-3333-3333-3333-333333333360', '66666666-6666-6666-6666-666666666620', '그룹 E 전신', '동작 완성도 향상', '척추 분절 보완', '다음 차수 난이도 상향')
on conflict (id) do nothing;

insert into group_sequence_logs(
    id, instructor_id, center_id, lesson_type, class_date, equipment_brand, spring_setting, today_sequence, next_sequence, before_memo, after_memo, member_notes
)
values
  ('88888888-8888-8888-8888-888888888801', '11111111-1111-1111-1111-111111111111', '22222222-2222-2222-2222-222222222221', 'PERSONAL', date '2026-02-24', 'REFORMER', 'red/red/blue', '풋워크-브릿지-플랭크', '싱글레그 비중 확대', '컨디션 양호', '골반 안정 반응 좋음', '개인 1'),
  ('88888888-8888-8888-8888-888888888802', '11111111-1111-1111-1111-111111111111', '22222222-2222-2222-2222-222222222221', 'PERSONAL', date '2026-02-24', 'CADILLAC', 'yellow/yellow', '롤다운바-푸시스루', '흉추 가동 추가', '어깨 뻐근', '호흡 큐 반응 좋음', '개인 2'),
  ('88888888-8888-8888-8888-888888888803', '11111111-1111-1111-1111-111111111111', '22222222-2222-2222-2222-222222222221', 'PERSONAL', date '2026-02-25', 'WUNDA_CHAIR', 'one high + one low', '프레스다운-티저', '체어 균형 훈련', '발목 경직', '균형 향상', '개인 3'),
  ('88888888-8888-8888-8888-888888888804', '11111111-1111-1111-1111-111111111111', '22222222-2222-2222-2222-222222222221', 'PERSONAL', date '2026-02-25', 'TOWER', 'red/blue', '스쿼트-암서클', '코어 저항 증가', '허리 부담 주의', '과신전 감소', '개인 4'),
  ('88888888-8888-8888-8888-888888888805', '11111111-1111-1111-1111-111111111111', '22222222-2222-2222-2222-222222222221', 'PERSONAL', date '2026-02-26', 'MAT', null, '롤업-사이드킥', '복부 지구력 향상', '피로도 보통', '템포 안정', '개인 5'),
  ('88888888-8888-8888-8888-888888888806', '11111111-1111-1111-1111-111111111111', '22222222-2222-2222-2222-222222222221', 'PERSONAL', date '2026-02-26', 'SPINE_CORRECTOR', null, '흉추 신전-힙오픈', '복합 동작 추가', '흉추 경직', '신전 가동 증가', '개인 6'),
  ('88888888-8888-8888-8888-888888888807', '11111111-1111-1111-1111-111111111111', '22222222-2222-2222-2222-222222222221', 'PERSONAL', date '2026-02-27', 'REFORMER', 'red/red', '런지-사이드스플릿', '밸런스 난이도 상향', '무릎 정렬 체크', '보상 감소', '개인 7'),
  ('88888888-8888-8888-8888-888888888808', '11111111-1111-1111-1111-111111111111', '22222222-2222-2222-2222-222222222221', 'PERSONAL', date '2026-02-27', 'SPRING_BOARD', 'blue', '암프레스-스쿼트', '단측 저항 추가', '어깨 안정 필요', '견갑 안정 개선', '개인 8'),
  ('88888888-8888-8888-8888-888888888809', '11111111-1111-1111-1111-111111111111', '22222222-2222-2222-2222-222222222221', 'PERSONAL', date '2026-02-28', 'LADDER_BARREL', null, '햄스트링 스트레치', '척추 분절 추가', '유연성 저하', '스트레치 반응 좋음', '개인 9'),
  ('88888888-8888-8888-8888-888888888810', '11111111-1111-1111-1111-111111111111', '22222222-2222-2222-2222-222222222221', 'PERSONAL', date '2026-02-28', 'ARC_BARREL', null, '사이드밴딩-회전', '회전 저항 추가', '코어 유지 필요', '회전 가동 증가', '개인 10'),
  ('88888888-8888-8888-8888-888888888811', '11111111-1111-1111-1111-111111111111', '22222222-2222-2222-2222-222222222221', 'GROUP', date '2026-02-24', 'REFORMER', 'red/blue', '풋워크-암서클-런지', '템포 업', '그룹 집중 유도', '호흡 타이밍 정리', '그룹 A'),
  ('88888888-8888-8888-8888-888888888812', '11111111-1111-1111-1111-111111111111', '22222222-2222-2222-2222-222222222221', 'GROUP', date '2026-02-24', 'REFORMER', 'red/blue', '브릿지-플랭크', '밴드 저항 추가', '중립 유지 반복', '리듬 개선', '그룹 A'),
  ('88888888-8888-8888-8888-888888888813', '11111111-1111-1111-1111-111111111111', '22222222-2222-2222-2222-222222222221', 'GROUP', date '2026-02-25', 'TOWER', 'red', '스쿼트-암프레스', '단측 동작 추가', '어깨 정렬 주의', '완성도 향상', '그룹 B'),
  ('88888888-8888-8888-8888-888888888814', '11111111-1111-1111-1111-111111111111', '22222222-2222-2222-2222-222222222221', 'GROUP', date '2026-02-25', 'MAT', null, '매트 코어 서킷', '서킷 라운드 증가', '호흡 큐 통일', '피로 관리 양호', '그룹 B'),
  ('88888888-8888-8888-8888-888888888815', '11111111-1111-1111-1111-111111111111', '22222222-2222-2222-2222-222222222221', 'GROUP', date '2026-02-26', 'CADILLAC', 'yellow', '푸시스루-롤다운', '회전 동작 추가', '흉추 가동 체크', '가동 범위 증가', '그룹 C'),
  ('88888888-8888-8888-8888-888888888816', '11111111-1111-1111-1111-111111111111', '22222222-2222-2222-2222-222222222221', 'GROUP', date '2026-02-26', 'WUNDA_CHAIR', 'one high', '체어 밸런스', '하체 협응 강화', '균형 난이도 조절', '집중 유지 좋음', '그룹 C'),
  ('88888888-8888-8888-8888-888888888817', '11111111-1111-1111-1111-111111111111', '22222222-2222-2222-2222-222222222221', 'GROUP', date '2026-02-27', 'SPRING_BOARD', 'blue/blue', '암서클-스쿼트', '저항 증량', '어깨 긴장 완화', '협응 향상', '그룹 D'),
  ('88888888-8888-8888-8888-888888888818', '11111111-1111-1111-1111-111111111111', '22222222-2222-2222-2222-222222222221', 'GROUP', date '2026-02-27', 'LADDER_BARREL', null, '스트레칭 시퀀스', '코어 결합 동작', '유연성 단계화', '통증 보고 없음', '그룹 D'),
  ('88888888-8888-8888-8888-888888888819', '11111111-1111-1111-1111-111111111111', '22222222-2222-2222-2222-222222222221', 'GROUP', date '2026-02-28', 'ARC_BARREL', null, '회전/측굴 시퀀스', '복합 패턴 추가', '템포 안정화', '완성도 상승', '그룹 E'),
  ('88888888-8888-8888-8888-888888888820', '11111111-1111-1111-1111-111111111111', '22222222-2222-2222-2222-222222222221', 'GROUP', date '2026-02-28', 'REFORMER', 'red/red/blue', '전신 서킷', '난이도 상향', '코어 지구력 점검', '다음 차수 확장', '그룹 E')
on conflict (id) do nothing;
